pillar,delivery,type,paper,authors,year,country,title,url,arm,outcome,estimate,direction,unit,stars,result,sample,share_women
Digital training and mentoring,Remote training without a human mentor,Digital training,"De Oliveira, 2022, Brazil",De Oliveira,2022,Brazil,Why Businesses Fail: Underadoption of Improved Practices by Brazilian Micro-Enterprises,https://static1.squarespace.com/static/635b20074f03f76ef970e119/t/6382ad685042fe5ee9c0f1cc/1669508466744/PriscilaDeOliveira_JMP_WhyBusinessesFail.pdf,WhatsApp training,Business practices,-0.0336,,SD,,none,742 low income entrepreneurs,0.85
Digital training and mentoring,Remote training without a human mentor,Digital training,"De Oliveira, 2022, Brazil",De Oliveira,2022,Brazil,Why Businesses Fail: Underadoption of Improved Practices by Brazilian Micro-Enterprises,https://static1.squarespace.com/static/635b20074f03f76ef970e119/t/6382ad685042fe5ee9c0f1cc/1669508466744/PriscilaDeOliveira_JMP_WhyBusinessesFail.pdf,WhatsApp training,Sales or revenue,-0.03550353101,,%,,none,742 low income entrepreneurs,0.85
Digital training and mentoring,Remote training without a human mentor,Digital training,"De Oliveira, 2022, Brazil",De Oliveira,2022,Brazil,Why Businesses Fail: Underadoption of Improved Practices by Brazilian Micro-Enterprises,https://static1.squarespace.com/static/635b20074f03f76ef970e119/t/6382ad685042fe5ee9c0f1cc/1669508466744/PriscilaDeOliveira_JMP_WhyBusinessesFail.pdf,WhatsApp training,Profits,0.1110837698,,%,,none,742 low income entrepreneurs,0.85
Digital training and mentoring,Remote training without a human mentor,Digital training,"De Oliveira, 2022, Brazil",De Oliveira,2022,Brazil,Why Businesses Fail: Underadoption of Improved Practices by Brazilian Micro-Enterprises,https://static1.squarespace.com/static/635b20074f03f76ef970e119/t/6382ad685042fe5ee9c0f1cc/1669508466744/PriscilaDeOliveira_JMP_WhyBusinessesFail.pdf,WhatsApp training,Other outcomes,-0.0441,,Business survival (%),,none,742 low income entrepreneurs,0.85
Digital training and mentoring,Remote training without a human mentor,Digital training,"De Oliveira, 2022, Brazil",De Oliveira,2022,Brazil,Why Businesses Fail: Underadoption of Improved Practices by Brazilian Micro-Enterprises,https://static1.squarespace.com/static/635b20074f03f76ef970e119/t/6382ad685042fe5ee9c0f1cc/1669508466744/PriscilaDeOliveira_JMP_WhyBusinessesFail.pdf,WhatsApp training + incentives for marketing,Business practices,0.133,,SD,,none,742 low income entrepreneurs,0.85
Digital training and mentoring,Remote training without a human mentor,Digital training,"De Oliveira, 2022, Brazil",De Oliveira,2022,Brazil,Why Businesses Fail: Underadoption of Improved Practices by Brazilian Micro-Enterprises,https://static1.squarespace.com/static/635b20074f03f76ef970e119/t/6382ad685042fe5ee9c0f1cc/1669508466744/PriscilaDeOliveira_JMP_WhyBusinessesFail.pdf,WhatsApp training + incentives for marketing,Sales or revenue,0.1335701157,,%,,none,742 low income entrepreneurs,0.85
Digital training and mentoring,Remote training without a human mentor,Digital training,"De Oliveira, 2022, Brazil",De Oliveira,2022,Brazil,Why Businesses Fail: Underadoption of Improved Practices by Brazilian Micro-Enterprises,https://static1.squarespace.com/static/635b20074f03f76ef970e119/t/6382ad685042fe5ee9c0f1cc/1669508466744/PriscilaDeOliveira_JMP_WhyBusinessesFail.pdf,WhatsApp training + incentives for marketing,Profits,0.03247091082,,%,,none,742 low income entrepreneurs,0.85
Digital training and mentoring,Remote training without a human mentor,Digital training,"De Oliveira, 2022, Brazil",De Oliveira,2022,Brazil,Why Businesses Fail: Underadoption of Improved Practices by Brazilian Micro-Enterprises,https://static1.squarespace.com/static/635b20074f03f76ef970e119/t/6382ad685042fe5ee9c0f1cc/1669508466744/PriscilaDeOliveira_JMP_WhyBusinessesFail.pdf,WhatsApp training + incentives for marketing,Other outcomes,0.0955,,Business survival (%),***,positive,742 low income entrepreneurs,0.85
Digital training and mentoring,Remote training without a human mentor,Digital training,"De Oliveira, 2022, Brazil",De Oliveira,2022,Brazil,Why Businesses Fail: Underadoption of Improved Practices by Brazilian Micro-Enterprises,https://static1.squarespace.com/static/635b20074f03f76ef970e119/t/6382ad685042fe5ee9c0f1cc/1669508466744/PriscilaDeOliveira_JMP_WhyBusinessesFail.pdf,WhatsApp training + incentives for record keeping,Business practices,0.181,,SD,***,positive,742 low income entrepreneurs,0.85
Digital training and mentoring,Remote training without a human mentor,Digital training,"De Oliveira, 2022, Brazil",De Oliveira,2022,Brazil,Why Businesses Fail: Underadoption of Improved Practices by Brazilian Micro-Enterprises,https://static1.squarespace.com/static/635b20074f03f76ef970e119/t/6382ad685042fe5ee9c0f1cc/1669508466744/PriscilaDeOliveira_JMP_WhyBusinessesFail.pdf,WhatsApp training + incentives for record keeping,Sales or revenue,0.1105125017,,%,,none,742 low income entrepreneurs,0.85
Digital training and mentoring,Remote training without a human mentor,Digital training,"De Oliveira, 2022, Brazil",De Oliveira,2022,Brazil,Why Businesses Fail: Underadoption of Improved Practices by Brazilian Micro-Enterprises,https://static1.squarespace.com/static/635b20074f03f76ef970e119/t/6382ad685042fe5ee9c0f1cc/1669508466744/PriscilaDeOliveira_JMP_WhyBusinessesFail.pdf,WhatsApp training + incentives for record keeping,Profits,0.1512286006,,%,,none,742 low income entrepreneurs,0.85
Digital training and mentoring,Remote training without a human mentor,Digital training,"De Oliveira, 2022, Brazil",De Oliveira,2022,Brazil,Why Businesses Fail: Underadoption of Improved Practices by Brazilian Micro-Enterprises,https://static1.squarespace.com/static/635b20074f03f76ef970e119/t/6382ad685042fe5ee9c0f1cc/1669508466744/PriscilaDeOliveira_JMP_WhyBusinessesFail.pdf,WhatsApp training + incentives for record keeping,Other outcomes,0.0818,,Business survival (%),***,positive,742 low income entrepreneurs,0.85
Digital training and mentoring,Remote training without a human mentor,Digital training,"Cole et al., 2023, Philippines & India",Cole et al.,2023,Philippines and India,Heuristics on Call: The Impact of Mobile Phone Based Business Management Advice,https://papers.ssrn.com/sol3/papers.cfm?abstract_id=3971013,Philippines - Mobile phone voice message based business training,Business practices,0.07,,SD,**,positive,"2,096 micro-entrepreneurs",0.99
Digital training and mentoring,Remote training without a human mentor,Digital training,"Cole et al., 2023, Philippines & India",Cole et al.,2023,Philippines and India,Heuristics on Call: The Impact of Mobile Phone Based Business Management Advice,https://papers.ssrn.com/sol3/papers.cfm?abstract_id=3971013,Philippines - Mobile phone voice message based business training,Sales or revenue,-0.06984514446,,%,,none,"2,096 micro-entrepreneurs",0.99
Digital training and mentoring,Remote training without a human mentor,Digital training,"Cole et al., 2023, Philippines & India",Cole et al.,2023,Philippines and India,Heuristics on Call: The Impact of Mobile Phone Based Business Management Advice,https://papers.ssrn.com/sol3/papers.cfm?abstract_id=3971013,Philippines - Mobile phone voice message based business training,Profits,-0.041448115,,%,,none,"2,096 micro-entrepreneurs",0.99
Digital training and mentoring,Remote training without a human mentor,Digital training,"Cole et al., 2023, Philippines & India",Cole et al.,2023,Philippines and India,Heuristics on Call: The Impact of Mobile Phone Based Business Management Advice,https://papers.ssrn.com/sol3/papers.cfm?abstract_id=3971013,India - Mobile phone voice message based business training,Business practices,0.13,,SD,***,positive,"2,096 micro-entrepreneurs",0.99
Digital training and mentoring,Remote training without a human mentor,Digital training,"Cole et al., 2023, Philippines & India",Cole et al.,2023,Philippines and India,Heuristics on Call: The Impact of Mobile Phone Based Business Management Advice,https://papers.ssrn.com/sol3/papers.cfm?abstract_id=3971013,India - Mobile phone voice message based business training,Sales or revenue,0.0615119139,,%,,none,"2,096 micro-entrepreneurs",0.99
Digital training and mentoring,Remote training without a human mentor,Digital training,"Cole et al., 2023, Philippines & India",Cole et al.,2023,Philippines and India,Heuristics on Call: The Impact of Mobile Phone Based Business Management Advice,https://papers.ssrn.com/sol3/papers.cfm?abstract_id=3971013,India - Mobile phone voice message based business training,Profits,-0.002407952517,,%,,none,"2,096 micro-entrepreneurs",0.99
Digital training and mentoring,Remote training without a human mentor,Digital training,"Mehmood, 2024, Kenya",Mehmood,2024,Kenya,Short Messages Fall Short for Micro-Entrepreneurs: Experimental Evidence from Kenya,https://www.ziamehmood.com/assets/publications/Mehmood_JMP.pdf,SMS training,Knowledge and capabilities,0.0248,,SD,,none,"4,700 micro-entrepreneurs",0.59
Digital training and mentoring,Remote training without a human mentor,Digital training,"Mehmood, 2024, Kenya",Mehmood,2024,Kenya,Short Messages Fall Short for Micro-Entrepreneurs: Experimental Evidence from Kenya,https://www.ziamehmood.com/assets/publications/Mehmood_JMP.pdf,SMS training,Business practices,-0.0638,,SD,,none,"4,700 micro-entrepreneurs",0.59
Digital training and mentoring,Remote training without a human mentor,Digital training,"Mehmood, 2024, Kenya",Mehmood,2024,Kenya,Short Messages Fall Short for Micro-Entrepreneurs: Experimental Evidence from Kenya,https://www.ziamehmood.com/assets/publications/Mehmood_JMP.pdf,SMS training,Sales or revenue,-0.03717400094,,%,,none,"4,700 micro-entrepreneurs",0.59
Digital training and mentoring,Remote training without a human mentor,Digital training,"Mehmood, 2024, Kenya",Mehmood,2024,Kenya,Short Messages Fall Short for Micro-Entrepreneurs: Experimental Evidence from Kenya,https://www.ziamehmood.com/assets/publications/Mehmood_JMP.pdf,SMS training,Profits,-0.01133992001,,%,,none,"4,700 micro-entrepreneurs",0.59
Digital training and mentoring,Remote training without a human mentor,Digital training,"Davies et al., 2023, Mexico",Davies et al.,2023,Mexico,Training Microentrepreneurs over Zoom: Experimental Evidence from Mexico,https://documents1.worldbank.org/curated/en/099553009262338447/pdf/IDU0c11dae2102d74046a008e9a0b46f0e4bd0e5.pdf,Digital classroom Business training over Zoom,Knowledge and capabilities,0.024,,SD,**,positive,"2,208 entrepreneurs",1.0
Digital training and mentoring,Remote training without a human mentor,Digital training,"Davies et al., 2023, Mexico",Davies et al.,2023,Mexico,Training Microentrepreneurs over Zoom: Experimental Evidence from Mexico,https://documents1.worldbank.org/curated/en/099553009262338447/pdf/IDU0c11dae2102d74046a008e9a0b46f0e4bd0e5.pdf,Digital classroom Business training over Zoom,Business practices,0.007,,SD,,none,"2,208 entrepreneurs",1.0
Digital training and mentoring,Remote training without a human mentor,Digital training,"Davies et al., 2023, Mexico",Davies et al.,2023,Mexico,Training Microentrepreneurs over Zoom: Experimental Evidence from Mexico,https://documents1.worldbank.org/curated/en/099553009262338447/pdf/IDU0c11dae2102d74046a008e9a0b46f0e4bd0e5.pdf,Digital classroom Business training over Zoom,Sales or revenue,-0.07393426619,,%,,none,"2,208 entrepreneurs",1.0
Digital training and mentoring,Remote training without a human mentor,Digital training,"Davies et al., 2023, Mexico",Davies et al.,2023,Mexico,Training Microentrepreneurs over Zoom: Experimental Evidence from Mexico,https://documents1.worldbank.org/curated/en/099553009262338447/pdf/IDU0c11dae2102d74046a008e9a0b46f0e4bd0e5.pdf,Digital classroom Business training over Zoom,Profits,-0.1045751634,,%,,none,"2,208 entrepreneurs",1.0
Digital training and mentoring,"Human mentoring, advice or services",Digital training & digital mentoring,"Estefan et al., 2023, Guatemala",Estefan et al.,2023,Guatemala,Digital Training for Micro-Entrepreneurs: Experimental Evidence from Guatemala,https://idbinvest.org/en/publications/digital-training-micro-entrepreneurs-experimental-evidence-guatemala,App-based training and mentoring for small franchise owners,Knowledge and capabilities,0.205,,SD,**,positive,498 franchise store owners,0.7
Digital training and mentoring,"Human mentoring, advice or services",Digital training & digital mentoring,"Estefan et al., 2023, Guatemala",Estefan et al.,2023,Guatemala,Digital Training for Micro-Entrepreneurs: Experimental Evidence from Guatemala,https://idbinvest.org/en/publications/digital-training-micro-entrepreneurs-experimental-evidence-guatemala,App-based training and mentoring for small franchise owners,Business practices,0.318,,SD,***,positive,498 franchise store owners,0.7
Digital training and mentoring,"Human mentoring, advice or services",Digital training & digital mentoring,"Estefan et al., 2023, Guatemala",Estefan et al.,2023,Guatemala,Digital Training for Micro-Entrepreneurs: Experimental Evidence from Guatemala,https://idbinvest.org/en/publications/digital-training-micro-entrepreneurs-experimental-evidence-guatemala,App-based training and mentoring for small franchise owners,Sales or revenue,0.096,,%,**,positive,498 franchise store owners,0.7
Digital training and mentoring,"Human mentoring, advice or services",Digital training & digital mentoring,"Estefan et al., 2023, Guatemala",Estefan et al.,2023,Guatemala,Digital Training for Micro-Entrepreneurs: Experimental Evidence from Guatemala,https://idbinvest.org/en/publications/digital-training-micro-entrepreneurs-experimental-evidence-guatemala,App-based training and mentoring for small franchise owners,Profits,0.233,,%,**,positive,498 franchise store owners,0.7
Digital training and mentoring,"Human mentoring, advice or services",Digital mentoring,"Anderson et al., 2023, Uganda",Anderson et al.,2023,Uganda,Breaking the Glass Ceiling: Empowering Female Entrepreneurs through Female Mentors,https://papers.ssrn.com/sol3/papers.cfm?abstract_id=4396899,Female mentor x Female entrepreneur,Business practices,0.305,,SD,***,positive,930 entrepreneurs,0.4
Digital training and mentoring,"Human mentoring, advice or services",Digital mentoring,"Anderson et al., 2023, Uganda",Anderson et al.,2023,Uganda,Breaking the Glass Ceiling: Empowering Female Entrepreneurs through Female Mentors,https://papers.ssrn.com/sol3/papers.cfm?abstract_id=4396899,Female mentor x Female entrepreneur,Sales or revenue,0.32,,%,*,positive,930 entrepreneurs,0.4
Digital training and mentoring,"Human mentoring, advice or services",Digital mentoring,"Anderson et al., 2023, Uganda",Anderson et al.,2023,Uganda,Breaking the Glass Ceiling: Empowering Female Entrepreneurs through Female Mentors,https://papers.ssrn.com/sol3/papers.cfm?abstract_id=4396899,Female mentor x Female entrepreneur,Profits,0.31,,%,**,positive,930 entrepreneurs,0.4
Digital training and mentoring,"Human mentoring, advice or services",Digital mentoring,"Anderson et al., 2023, Uganda",Anderson et al.,2023,Uganda,Breaking the Glass Ceiling: Empowering Female Entrepreneurs through Female Mentors,https://papers.ssrn.com/sol3/papers.cfm?abstract_id=4396899,Male mentor x Female entrepreneur,Business practices,0.072,,SD,,none,930 entrepreneurs,0.4
Digital training and mentoring,"Human mentoring, advice or services",Digital mentoring,"Anderson et al., 2023, Uganda",Anderson et al.,2023,Uganda,Breaking the Glass Ceiling: Empowering Female Entrepreneurs through Female Mentors,https://papers.ssrn.com/sol3/papers.cfm?abstract_id=4396899,Male mentor x Female entrepreneur,Sales or revenue,0.06868868633,,%,,none,930 entrepreneurs,0.4
Digital training and mentoring,"Human mentoring, advice or services",Digital mentoring,"Anderson et al., 2023, Uganda",Anderson et al.,2023,Uganda,Breaking the Glass Ceiling: Empowering Female Entrepreneurs through Female Mentors,https://papers.ssrn.com/sol3/papers.cfm?abstract_id=4396899,Male mentor x Female entrepreneur,Profits,0.01004028363,,%,,none,930 entrepreneurs,0.4
Digital training and mentoring,"Human mentoring, advice or services",Digital mentoring,"Anderson et al., 2022, Uganda","Anderson, Chintagunta and Vilcassim",2022,Uganda,Virtual Collaboration Technology and International Business Coaching: Examining the Impact on Marketing Strategies and Sales,https://pedl.cepr.org/sites/default/files/JA%206668%20AndersonChintaguntaVilcassim%20VirtualCollaborationTechnologyCoachingImpactMarketing.pdf,Virtual mentoring on business marketing,Business practices,0.44,,SD,***,positive,930 entrepreneurs,0.4
Digital training and mentoring,"Human mentoring, advice or services",Digital mentoring,"Anderson et al., 2022, Uganda","Anderson, Chintagunta and Vilcassim",2022,Uganda,Virtual Collaboration Technology and International Business Coaching: Examining the Impact on Marketing Strategies and Sales,https://pedl.cepr.org/sites/default/files/JA%206668%20AndersonChintaguntaVilcassim%20VirtualCollaborationTechnologyCoachingImpactMarketing.pdf,Virtual mentoring on business marketing,Sales or revenue,0.324,,%,**,positive,930 entrepreneurs,0.4
Digital training and mentoring,"Human mentoring, advice or services",Digital mentoring,"Anderson et al., 2021, Uganda",Anderson et al.,2021,Uganda,Do Marketers Matter for Entrepreneurs? Evidence from a Field Experiment in Uganda,https://journals.sagepub.com/doi/abs/10.1177/0022242921993176,Marketing professionals,Business practices,0.254,,SD,***,positive,930 entrepreneurs,0.4
Digital training and mentoring,"Human mentoring, advice or services",Digital mentoring,"Anderson et al., 2021, Uganda",Anderson et al.,2021,Uganda,Do Marketers Matter for Entrepreneurs? Evidence from a Field Experiment in Uganda,https://journals.sagepub.com/doi/abs/10.1177/0022242921993176,Marketing professionals,Sales or revenue,0.5165508029,,%,**,positive,930 entrepreneurs,0.4
Digital training and mentoring,"Human mentoring, advice or services",Digital mentoring,"Anderson et al., 2021, Uganda",Anderson et al.,2021,Uganda,Do Marketers Matter for Entrepreneurs? Evidence from a Field Experiment in Uganda,https://journals.sagepub.com/doi/abs/10.1177/0022242921993176,Marketing professionals,Profits,0.3576533335,,%,*,positive,930 entrepreneurs,0.4
Digital training and mentoring,"Human mentoring, advice or services",Digital mentoring,"Anderson et al., 2021, Uganda",Anderson et al.,2021,Uganda,Do Marketers Matter for Entrepreneurs? Evidence from a Field Experiment in Uganda,https://journals.sagepub.com/doi/abs/10.1177/0022242921993176,Consulting professionals,Business practices,0.065,,SD,,none,930 entrepreneurs,0.4
Digital training and mentoring,"Human mentoring, advice or services",Digital mentoring,"Anderson et al., 2021, Uganda",Anderson et al.,2021,Uganda,Do Marketers Matter for Entrepreneurs? Evidence from a Field Experiment in Uganda,https://journals.sagepub.com/doi/abs/10.1177/0022242921993176,Consulting professionals,Sales or revenue,0.2705897968,,%,,none,930 entrepreneurs,0.4
Digital training and mentoring,"Human mentoring, advice or services",Digital mentoring,"Anderson et al., 2021, Uganda",Anderson et al.,2021,Uganda,Do Marketers Matter for Entrepreneurs? Evidence from a Field Experiment in Uganda,https://journals.sagepub.com/doi/abs/10.1177/0022242921993176,Consulting professionals,Profits,0.001362665648,,%,,none,930 entrepreneurs,0.4
Digital training and mentoring,"Human mentoring, advice or services",Digital mentoring,"Anderson et al., 2021, Uganda",Anderson et al.,2021,Uganda,Do Marketers Matter for Entrepreneurs? Evidence from a Field Experiment in Uganda,https://journals.sagepub.com/doi/abs/10.1177/0022242921993176,Other professionals,Business practices,-0.087,,SD,,none,930 entrepreneurs,0.4
Digital training and mentoring,"Human mentoring, advice or services",Digital mentoring,"Anderson et al., 2021, Uganda",Anderson et al.,2021,Uganda,Do Marketers Matter for Entrepreneurs? Evidence from a Field Experiment in Uganda,https://journals.sagepub.com/doi/abs/10.1177/0022242921993176,Other professionals,Sales or revenue,0.2169267717,,%,,none,930 entrepreneurs,0.4
Digital training and mentoring,"Human mentoring, advice or services",Digital mentoring,"Anderson et al., 2021, Uganda",Anderson et al.,2021,Uganda,Do Marketers Matter for Entrepreneurs? Evidence from a Field Experiment in Uganda,https://journals.sagepub.com/doi/abs/10.1177/0022242921993176,Other professionals,Profits,0.1242956203,,%,,none,930 entrepreneurs,0.4
Digital training and mentoring,"Human mentoring, advice or services",Digital training & consulting,"Cusolito et al., 2022. Six Western Balkan countries",Cusolito et al.,2022,Six Western Balkan countries,Capacity Building as a Route to Export Market Expansion: A Six-Country Experiment in the Western Balkans,https://documents1.worldbank.org/curated/en/099415512072241245/pdf/IDU0c2e6b3a90ae8704ffc0a48700caa1b8961cc.pdf,Digital training and consulting for export-oriented small firms,Business practices,-0.02,,SD,,none,225 micro- to medium firms,0.28
Digital training and mentoring,"Human mentoring, advice or services",Digital training & consulting,"Cusolito et al., 2022. Six Western Balkan countries",Cusolito et al.,2022,Six Western Balkan countries,Capacity Building as a Route to Export Market Expansion: A Six-Country Experiment in the Western Balkans,https://documents1.worldbank.org/curated/en/099415512072241245/pdf/IDU0c2e6b3a90ae8704ffc0a48700caa1b8961cc.pdf,Digital training and consulting for export-oriented small firms,Sales or revenue,0.103,,%,,none,225 micro- to medium firms,0.28
Digital training and mentoring,"Human mentoring, advice or services",Digital training & consulting,"Cusolito et al., 2022. Six Western Balkan countries",Cusolito et al.,2022,Six Western Balkan countries,Capacity Building as a Route to Export Market Expansion: A Six-Country Experiment in the Western Balkans,https://documents1.worldbank.org/curated/en/099415512072241245/pdf/IDU0c2e6b3a90ae8704ffc0a48700caa1b8961cc.pdf,Digital training and consulting for export-oriented small firms,Other outcomes,0.923,,Export sales conditional on exporting (%),***,positive,225 micro- to medium firms,0.28
Digital training and mentoring,"Human mentoring, advice or services",Digital training & consulting,"Cusolito et al., 2022. Six Western Balkan countries",Cusolito et al.,2022,Six Western Balkan countries,Capacity Building as a Route to Export Market Expansion: A Six-Country Experiment in the Western Balkans,https://documents1.worldbank.org/curated/en/099415512072241245/pdf/IDU0c2e6b3a90ae8704ffc0a48700caa1b8961cc.pdf,,Other outcomes,0.9634997316,,Number of customers (%),**,positive,225 micro- to medium firms,0.28
Digital training and mentoring,"Human mentoring, advice or services","Digital training vs insourcing, outsourcing & consulting","McKenzie et al., 2020, Nigeria",McKenzie et al.,2020,Nigeria,"Improving Business Practices and the Boundary of the Entrepreneur: A Randomized Experiment Comparing Training, Consulting, Insourcing and Outsourcing",https://documents1.worldbank.org/curated/en/377351608212969114/pdf/Improving-Business-Practices-and-the-Boundary-of-the-Entrepreneur-A-Randomized-Experiment-Comparing-Training-Consulting-Insourcing-and-Outsourcing.pdf,Training,Business practices,0.002,,SD,,none,753 firms with 2-15 workers,0.4
Digital training and mentoring,"Human mentoring, advice or services","Digital training vs insourcing, outsourcing & consulting","McKenzie et al., 2020, Nigeria",McKenzie et al.,2020,Nigeria,"Improving Business Practices and the Boundary of the Entrepreneur: A Randomized Experiment Comparing Training, Consulting, Insourcing and Outsourcing",https://documents1.worldbank.org/curated/en/377351608212969114/pdf/Improving-Business-Practices-and-the-Boundary-of-the-Entrepreneur-A-Randomized-Experiment-Comparing-Training-Consulting-Insourcing-and-Outsourcing.pdf,Training,Sales or revenue,0.05146223737,,%,,none,753 firms with 2-15 workers,0.4
Digital training and mentoring,"Human mentoring, advice or services","Digital training vs insourcing, outsourcing & consulting","McKenzie et al., 2020, Nigeria",McKenzie et al.,2020,Nigeria,"Improving Business Practices and the Boundary of the Entrepreneur: A Randomized Experiment Comparing Training, Consulting, Insourcing and Outsourcing",https://documents1.worldbank.org/curated/en/377351608212969114/pdf/Improving-Business-Practices-and-the-Boundary-of-the-Entrepreneur-A-Randomized-Experiment-Comparing-Training-Consulting-Insourcing-and-Outsourcing.pdf,Training,Profits,0.05344630927,,%,,none,753 firms with 2-15 workers,0.4
Digital training and mentoring,"Human mentoring, advice or services","Digital training vs insourcing, outsourcing & consulting","McKenzie et al., 2020, Nigeria",McKenzie et al.,2020,Nigeria,"Improving Business Practices and the Boundary of the Entrepreneur: A Randomized Experiment Comparing Training, Consulting, Insourcing and Outsourcing",https://documents1.worldbank.org/curated/en/377351608212969114/pdf/Improving-Business-Practices-and-the-Boundary-of-the-Entrepreneur-A-Randomized-Experiment-Comparing-Training-Consulting-Insourcing-and-Outsourcing.pdf,Insourcing,Business practices,0.059,,SD,**,positive,753 firms with 2-15 workers,0.4
Digital training and mentoring,"Human mentoring, advice or services","Digital training vs insourcing, outsourcing & consulting","McKenzie et al., 2020, Nigeria",McKenzie et al.,2020,Nigeria,"Improving Business Practices and the Boundary of the Entrepreneur: A Randomized Experiment Comparing Training, Consulting, Insourcing and Outsourcing",https://documents1.worldbank.org/curated/en/377351608212969114/pdf/Improving-Business-Practices-and-the-Boundary-of-the-Entrepreneur-A-Randomized-Experiment-Comparing-Training-Consulting-Insourcing-and-Outsourcing.pdf,Insourcing,Sales or revenue,0.05004258944,,%,,none,753 firms with 2-15 workers,0.4
Digital training and mentoring,"Human mentoring, advice or services","Digital training vs insourcing, outsourcing & consulting","McKenzie et al., 2020, Nigeria",McKenzie et al.,2020,Nigeria,"Improving Business Practices and the Boundary of the Entrepreneur: A Randomized Experiment Comparing Training, Consulting, Insourcing and Outsourcing",https://documents1.worldbank.org/curated/en/377351608212969114/pdf/Improving-Business-Practices-and-the-Boundary-of-the-Entrepreneur-A-Randomized-Experiment-Comparing-Training-Consulting-Insourcing-and-Outsourcing.pdf,Insourcing,Profits,0.03837379827,,%,,none,753 firms with 2-15 workers,0.4
Digital training and mentoring,"Human mentoring, advice or services","Digital training vs insourcing, outsourcing & consulting","McKenzie et al., 2020, Nigeria",McKenzie et al.,2020,Nigeria,"Improving Business Practices and the Boundary of the Entrepreneur: A Randomized Experiment Comparing Training, Consulting, Insourcing and Outsourcing",https://documents1.worldbank.org/curated/en/377351608212969114/pdf/Improving-Business-Practices-and-the-Boundary-of-the-Entrepreneur-A-Randomized-Experiment-Comparing-Training-Consulting-Insourcing-and-Outsourcing.pdf,Outsourcing,Business practices,0.073,,SD,***,positive,753 firms with 2-15 workers,0.4
Digital training and mentoring,"Human mentoring, advice or services","Digital training vs insourcing, outsourcing & consulting","McKenzie et al., 2020, Nigeria",McKenzie et al.,2020,Nigeria,"Improving Business Practices and the Boundary of the Entrepreneur: A Randomized Experiment Comparing Training, Consulting, Insourcing and Outsourcing",https://documents1.worldbank.org/curated/en/377351608212969114/pdf/Improving-Business-Practices-and-the-Boundary-of-the-Entrepreneur-A-Randomized-Experiment-Comparing-Training-Consulting-Insourcing-and-Outsourcing.pdf,Outsourcing,Sales or revenue,0.0898637138,,%,**,positive,753 firms with 2-15 workers,0.4
Digital training and mentoring,"Human mentoring, advice or services","Digital training vs insourcing, outsourcing & consulting","McKenzie et al., 2020, Nigeria",McKenzie et al.,2020,Nigeria,"Improving Business Practices and the Boundary of the Entrepreneur: A Randomized Experiment Comparing Training, Consulting, Insourcing and Outsourcing",https://documents1.worldbank.org/curated/en/377351608212969114/pdf/Improving-Business-Practices-and-the-Boundary-of-the-Entrepreneur-A-Randomized-Experiment-Comparing-Training-Consulting-Insourcing-and-Outsourcing.pdf,Outsourcing,Profits,0.1134919342,,%,**,positive,753 firms with 2-15 workers,0.4
Digital training and mentoring,"Human mentoring, advice or services","Digital training vs insourcing, outsourcing & consulting","McKenzie et al., 2020, Nigeria",McKenzie et al.,2020,Nigeria,"Improving Business Practices and the Boundary of the Entrepreneur: A Randomized Experiment Comparing Training, Consulting, Insourcing and Outsourcing",https://documents1.worldbank.org/curated/en/377351608212969114/pdf/Improving-Business-Practices-and-the-Boundary-of-the-Entrepreneur-A-Randomized-Experiment-Comparing-Training-Consulting-Insourcing-and-Outsourcing.pdf,Consulting,Business practices,0.065,,SD,***,positive,753 firms with 2-15 workers,0.4
Digital training and mentoring,"Human mentoring, advice or services","Digital training vs insourcing, outsourcing & consulting","McKenzie et al., 2020, Nigeria",McKenzie et al.,2020,Nigeria,"Improving Business Practices and the Boundary of the Entrepreneur: A Randomized Experiment Comparing Training, Consulting, Insourcing and Outsourcing",https://documents1.worldbank.org/curated/en/377351608212969114/pdf/Improving-Business-Practices-and-the-Boundary-of-the-Entrepreneur-A-Randomized-Experiment-Comparing-Training-Consulting-Insourcing-and-Outsourcing.pdf,Consulting,Sales or revenue,0.0663685406,,%,,none,753 firms with 2-15 workers,0.4
Digital training and mentoring,"Human mentoring, advice or services","Digital training vs insourcing, outsourcing & consulting","McKenzie et al., 2020, Nigeria",McKenzie et al.,2020,Nigeria,"Improving Business Practices and the Boundary of the Entrepreneur: A Randomized Experiment Comparing Training, Consulting, Insourcing and Outsourcing",https://documents1.worldbank.org/curated/en/377351608212969114/pdf/Improving-Business-Practices-and-the-Boundary-of-the-Entrepreneur-A-Randomized-Experiment-Comparing-Training-Consulting-Insourcing-and-Outsourcing.pdf,Consulting,Profits,0.09727880072,,%,*,positive,753 firms with 2-15 workers,0.4
Digital training and mentoring,AI mentor,Generative AI mentoring,"Otis et al., 2023, Kenya",Otis et al.,2024,Kenya,The Uneven Impact of Generative AI on Entrepreneurial Performance,https://doi.org/10.1287/mnsc.2024.06909,Low performers,Sales or revenue,-0.0885,,%,**,negative,640 entrepreneurs,0.32
Digital training and mentoring,AI mentor,Generative AI mentoring,"Otis et al., 2023, Kenya",Otis et al.,2024,Kenya,The Uneven Impact of Generative AI on Entrepreneurial Performance,https://doi.org/10.1287/mnsc.2024.06909,Low performers,Profits,-0.0809,,%,**,negative,640 entrepreneurs,0.32
Digital training and mentoring,AI mentor,Generative AI mentoring,"Otis et al., 2023, Kenya",Otis et al.,2024,Kenya,The Uneven Impact of Generative AI on Entrepreneurial Performance,https://doi.org/10.1287/mnsc.2024.06909,Overall sample,Sales or revenue,0.0,,%,,none,640 entrepreneurs,0.32
Digital training and mentoring,AI mentor,Generative AI mentoring,"Otis et al., 2023, Kenya",Otis et al.,2024,Kenya,The Uneven Impact of Generative AI on Entrepreneurial Performance,https://doi.org/10.1287/mnsc.2024.06909,Overall sample,Profits,0.0,,%,,none,640 entrepreneurs,0.32
Digital training and mentoring,AI mentor,Generative AI mentoring,"Otis et al., 2023, Kenya",Otis et al.,2024,Kenya,The Uneven Impact of Generative AI on Entrepreneurial Performance,https://doi.org/10.1287/mnsc.2024.06909,High performers,Sales or revenue,16.89,,%,**,positive,640 entrepreneurs,0.32
Digital training and mentoring,AI mentor,Generative AI mentoring,"Otis et al., 2023, Kenya",Otis et al.,2024,Kenya,The Uneven Impact of Generative AI on Entrepreneurial Performance,https://doi.org/10.1287/mnsc.2024.06909,High performers,Profits,0.1543,,%,**,positive,640 entrepreneurs,0.32
Bundled support,"Training bundled with tools, platforms or finance",Bundled: digital training + digital market access,"Jin & Sun, 2021, China",Jin and Sun,2021,China,Lifting Growth Barriers for New Firms: Evidence from an Entrepreneurship Training Experiment with Two Million Online Businesses,https://scholar.harvard.edu/files/zsun/files/sun_jmp.pdf,E-commerce platform-based AI enabled training for new online businesses,Sales or revenue,0.017,,%,***,positive,2 million small online businesses,0.5
Bundled support,"Human mentoring, advice or services",Professional digital networks + counselling,"Asiedu, et al, 2023, Ghana",Asiedu et al.,2023,Ghana,Female Entrepreneurship and Professional Networks,https://pedl.cepr.org/sites/default/files/WP%207926%20AsieduLambonQuayefioTruffaWong%20FemaleEntrepreneushipProfessionalNetworks.pdf,Online professional networking groups & legal counselling,Business practices,0.194,,SD,***,positive,"1,771 growth-oriented entrepreneurs",1.0
Bundled support,"Human mentoring, advice or services",Professional digital networks + counselling,"Asiedu, et al, 2023, Ghana",Asiedu et al.,2023,Ghana,Female Entrepreneurship and Professional Networks,https://pedl.cepr.org/sites/default/files/WP%207926%20AsieduLambonQuayefioTruffaWong%20FemaleEntrepreneushipProfessionalNetworks.pdf,Online professional networking groups & legal counselling,Sales or revenue,0.1143496352,,%,,none,"1,771 growth-oriented entrepreneurs",1.0
Bundled support,"Human mentoring, advice or services",Professional digital networks + counselling,"Asiedu, et al, 2023, Ghana",Asiedu et al.,2023,Ghana,Female Entrepreneurship and Professional Networks,https://pedl.cepr.org/sites/default/files/WP%207926%20AsieduLambonQuayefioTruffaWong%20FemaleEntrepreneushipProfessionalNetworks.pdf,Online professional networking groups & legal counselling,Profits,0.2043787353,,%,**,positive,"1,771 growth-oriented entrepreneurs",1.0
Bundled support,"Training bundled with tools, platforms or finance",Analogue finlit training + DFS (mobile savings account),"Batista et al., 2021, Malawi","Batista, Sequeira and Vicente",2021,Mozambique,Closing the Gender Profit Gap?,https://docs.iza.org/dp14781.pdf,Men,Knowledge and capabilities,0.427,,SD,***,positive,"1,270 microentrepreneurs",0.55
Bundled support,"Training bundled with tools, platforms or finance",Analogue finlit training + DFS (mobile savings account),"Batista et al., 2021, Malawi","Batista, Sequeira and Vicente",2021,Mozambique,Closing the Gender Profit Gap?,https://docs.iza.org/dp14781.pdf,Men,Profits,0.06128091752,,%,,none,"1,270 microentrepreneurs",0.55
Bundled support,"Training bundled with tools, platforms or finance",Analogue finlit training + DFS (mobile savings account),"Batista et al., 2021, Malawi","Batista, Sequeira and Vicente",2021,Mozambique,Closing the Gender Profit Gap?,https://docs.iza.org/dp14781.pdf,Women,Knowledge and capabilities,0.268,,SD,**,positive,"1,270 microentrepreneurs",0.55
Bundled support,"Training bundled with tools, platforms or finance",Analogue finlit training + DFS (mobile savings account),"Batista et al., 2021, Malawi","Batista, Sequeira and Vicente",2021,Mozambique,Closing the Gender Profit Gap?,https://docs.iza.org/dp14781.pdf,Women,Profits,1.572726199,,%,**,positive,"1,270 microentrepreneurs",0.55
Bundled support,"Training bundled with tools, platforms or finance",Analogue curated training + video,"Dalton et al., 2020, Indonesia",Dalton et al.,2020,Indonesia,Curating Local Knowledge: Experimental Evidence from Small Retailers in Indonesia,https://www.researchgate.net/publication/349294651_Curating_Local_Knowledge_Experimental_Evidence_from_Small_Retailers_in_Indonesia,"Curated handbook, video, training on locally relevant practices & counselling",Business practices,0.286,,SD,***,positive,"1,301 urban retail shop owners",0.71
Bundled support,"Training bundled with tools, platforms or finance",Analogue curated training + video,"Dalton et al., 2020, Indonesia",Dalton et al.,2020,Indonesia,Curating Local Knowledge: Experimental Evidence from Small Retailers in Indonesia,https://www.researchgate.net/publication/349294651_Curating_Local_Knowledge_Experimental_Evidence_from_Small_Retailers_in_Indonesia,"Curated handbook, video, training on locally relevant practices & counselling",Sales or revenue,0.1606508042,,%,**,positive,"1,301 urban retail shop owners",0.71
Bundled support,"Training bundled with tools, platforms or finance",Analogue curated training + video,"Dalton et al., 2020, Indonesia",Dalton et al.,2020,Indonesia,Curating Local Knowledge: Experimental Evidence from Small Retailers in Indonesia,https://www.researchgate.net/publication/349294651_Curating_Local_Knowledge_Experimental_Evidence_from_Small_Retailers_in_Indonesia,"Curated handbook, video, training on locally relevant practices & counselling",Profits,0.2126971954,,%,**,positive,"1,301 urban retail shop owners",0.71
Bundled support,"Training bundled with tools, platforms or finance",Analogue training + DFS,"Bastian et al., 2018, Tanzania",Bastian et al.,2018,Tanzania,"Short-Term Impacts of Improved Access to Mobile Savings, with and without Business Training: Experimental Evidence from Tanzania",https://www.cgdev.org/sites/default/files/short-term-impacts-improved-access-mobile-savings-business-training.pdf,Analogue training on business + mobile money,Business practices,0.376,,SD,***,positive,"4,003 microentrepreneurs",1.0
Bundled support,"Training bundled with tools, platforms or finance",Analogue training + DFS,"Bastian et al., 2018, Tanzania",Bastian et al.,2018,Tanzania,"Short-Term Impacts of Improved Access to Mobile Savings, with and without Business Training: Experimental Evidence from Tanzania",https://www.cgdev.org/sites/default/files/short-term-impacts-improved-access-mobile-savings-business-training.pdf,Analogue training on business + mobile money,Sales or revenue,0.04444434294,,%,,none,"4,003 microentrepreneurs",1.0
Bundled support,"Training bundled with tools, platforms or finance",Analogue training + DFS,"Bastian et al., 2018, Tanzania",Bastian et al.,2018,Tanzania,"Short-Term Impacts of Improved Access to Mobile Savings, with and without Business Training: Experimental Evidence from Tanzania",https://www.cgdev.org/sites/default/files/short-term-impacts-improved-access-mobile-savings-business-training.pdf,Analogue training on business + mobile money,Profits,0.009909292299,,%,,none,"4,003 microentrepreneurs",1.0
Bundled support,"Training bundled with tools, platforms or finance",Analogue training + DFS,"Bastian et al., 2018, Tanzania",Bastian et al.,2018,Tanzania,"Short-Term Impacts of Improved Access to Mobile Savings, with and without Business Training: Experimental Evidence from Tanzania",https://www.cgdev.org/sites/default/files/short-term-impacts-improved-access-mobile-savings-business-training.pdf,Analogue training on business + mobile money,Other outcomes,0.1,,Empowerment index (SD),**,positive,"4,003 microentrepreneurs",1.0
Bundled support,"Training bundled with tools, platforms or finance",Bundled: digital training + DBO,"Alhorr, 2023, Jordan",Alhorr,2024,Jordan,Virtual Windows Through Glass Walls? Digitalization for Low-Mobility Female Entrepreneurs,,Digital training & Facebook storefront setup,Business practices,0.68,,SD,***,positive,"1,122 entrepreneuers",1.0
Bundled support,"Training bundled with tools, platforms or finance",Bundled: digital training + DBO,"Alhorr, 2023, Jordan",Alhorr,2024,Jordan,Virtual Windows Through Glass Walls? Digitalization for Low-Mobility Female Entrepreneurs,,Digital training & Facebook storefront setup,Sales or revenue,0.19,,%,*,positive,"1,122 entrepreneuers",1.0
Bundled support,"Training bundled with tools, platforms or finance",Bundled: digital training + DBO,"Alhorr, 2023, Jordan",Alhorr,2024,Jordan,Virtual Windows Through Glass Walls? Digitalization for Low-Mobility Female Entrepreneurs,,Digital training & Facebook storefront setup,Profits,0.09183673469,,%,,none,"1,122 entrepreneuers",1.0
Bundled support,"Training bundled with tools, platforms or finance",Bundled: digital training + DBO,"Mukherjee, 2023, India",Mukherjee,2023,India,,,Digital financial management app & personalized training,Business practices,0.0909,,SD,,none,320 entrepreneurs,1.0
Bundled support,"Training bundled with tools, platforms or finance",Bundled: digital training + DBO,"Mukherjee, 2023, India",Mukherjee,2023,India,,,Digital financial management app & personalized training,Sales or revenue,-0.1947,,%,*,negative,320 entrepreneurs,1.0
Bundled support,"Training bundled with tools, platforms or finance",Bundled: digital training + DBO,"Mukherjee, 2023, India",Mukherjee,2023,India,,,Digital financial management app & personalized training,Profits,-0.215,,%,*,negative,320 entrepreneurs,1.0
"Data, platforms and business tools","Tools, platforms or finance on their own",Business analytics,"Bar-Gil et al., 2023, USA","Bar-Gill, Brynjolfsson and Hak",2023,United States,Helping Small Businesses Become More Data-Driven: A Field Experiment on eBay,https://www.nber.org/papers/w31089,Introduction of data analytics for small sellers to promote data-driven decision making on eBay,Sales or revenue,0.036,,%,***,positive,"165,273 entrepreneurs",N/A
"Data, platforms and business tools","Tools, platforms or finance on their own",Business analytics,"Anderson et al., 2023, Rwanda",Anderson et al.,2023,Rwanda,"Is (Smart) Technology Really Making Us Dumber? Marketing Analytics Improves the Mental, Managerial and Financial Performance of Entrepreneurs",https://papers.ssrn.com/sol3/papers.cfm?abstract_id=4649674,Marketing analytics app for small retailers,Knowledge and capabilities,1.284,,SD,***,positive,550 micro retailers,0.45
"Data, platforms and business tools","Tools, platforms or finance on their own",Business analytics,"Anderson et al., 2023, Rwanda",Anderson et al.,2023,Rwanda,"Is (Smart) Technology Really Making Us Dumber? Marketing Analytics Improves the Mental, Managerial and Financial Performance of Entrepreneurs",https://papers.ssrn.com/sol3/papers.cfm?abstract_id=4649674,Marketing analytics app for small retailers,Business practices,1.329,,SD,***,positive,550 micro retailers,0.45
"Data, platforms and business tools","Tools, platforms or finance on their own",Business analytics,"Anderson et al., 2023, Rwanda",Anderson et al.,2023,Rwanda,"Is (Smart) Technology Really Making Us Dumber? Marketing Analytics Improves the Mental, Managerial and Financial Performance of Entrepreneurs",https://papers.ssrn.com/sol3/papers.cfm?abstract_id=4649674,Marketing analytics app for small retailers,Sales or revenue,0.3635,,%,***,positive,550 micro retailers,0.45
"Data, platforms and business tools","Tools, platforms or finance on their own",Business analytics,"Anderson et al., 2023, Rwanda",Anderson et al.,2023,Rwanda,"Is (Smart) Technology Really Making Us Dumber? Marketing Analytics Improves the Mental, Managerial and Financial Performance of Entrepreneurs",https://papers.ssrn.com/sol3/papers.cfm?abstract_id=4649674,Marketing analytics app for small retailers,Profits,0.2918,,%,***,positive,550 micro retailers,0.45
"Data, platforms and business tools","Tools, platforms or finance on their own",Business analytics,"Anderson et al., 2023, Rwanda",Anderson et al.,2023,Rwanda,"Is (Smart) Technology Really Making Us Dumber? Marketing Analytics Improves the Mental, Managerial and Financial Performance of Entrepreneurs",https://papers.ssrn.com/sol3/papers.cfm?abstract_id=4649674,Marketing analytics app for small retailers,Other outcomes,0.763,,Analytical ability index (SD),***,positive,550 micro retailers,0.45
"Data, platforms and business tools","Tools, platforms or finance on their own",Digital supply chains,"Iacovone & McKenzie. 2019, Colombia",Iacovone and McKenzie,2019,Colombia,Shortening Supply Chains: Experimental Evidence from Fruit and Vegetable Vendors in Bogota,https://documents1.worldbank.org/curated/en/728681565630010702/pdf/Shortening-Supply-Chains-Experimental-Evidence-from-Fruit-and-Vegetable-Vendors-in-Bogota.pdf,App-based supply chain for small produce retailers,Sales or revenue,-0.092,,%,**,negative,"1,620 micro retailers",0.33
"Data, platforms and business tools","Tools, platforms or finance on their own",Digital supply chains,"Iacovone & McKenzie. 2019, Colombia",Iacovone and McKenzie,2019,Colombia,Shortening Supply Chains: Experimental Evidence from Fruit and Vegetable Vendors in Bogota,https://documents1.worldbank.org/curated/en/728681565630010702/pdf/Shortening-Supply-Chains-Experimental-Evidence-from-Fruit-and-Vegetable-Vendors-in-Bogota.pdf,App-based supply chain for small produce retailers,Profits,-0.075,,%,,none,"1,620 micro retailers",0.33
Digital finance,"Tools, platforms or finance on their own",Loans into mobile money accounts,"Riley, 2024, Uganda",Riley,2024,Uganda,Resisting Social Pressure in the Household Using Mobile Money: Experimental Evidence on Microenterprise Investment in Uganda,,Loans deposited directly into mobile money accounts for W-MSEs to reduce pressure to share funds,Profits,0.15,,%,***,positive,"3,000 entrepreneurs",1.0
Digital finance,"Tools, platforms or finance on their own",Loans into mobile money accounts,"Riley, 2024, Uganda",Riley,2024,Uganda,Resisting Social Pressure in the Household Using Mobile Money: Experimental Evidence on Microenterprise Investment in Uganda,,Loans deposited directly into mobile money accounts for W-MSEs to reduce pressure to share funds,Other outcomes,0.11,,Business capital (%),***,positive,"3,000 entrepreneurs",1.0
Digital finance,"Tools, platforms or finance on their own",Mobile money,"Aggarwal et al., 2023, Malawi","Aggarwal, Brailovskaya and Robinson",2023,Malawi,Cashing In (and Out): Experimental Evidence on the Effects of Mobile Money in Malawi,https://www.povertyactionlab.org/sites/default/files/research-paper/Cash-in-and-Out-Exp-Evidence-on-the-Effects-of-Mobile-Money_Aggarwal-Brailovskaya-Robinson_January2020-V2.pdf,Mobile money accounts,Business practices,0.24,,SD,***,positive,480 entrepreneurs,N/A
Digital finance,"Tools, platforms or finance on their own",Mobile money,"Aggarwal et al., 2023, Malawi","Aggarwal, Brailovskaya and Robinson",2023,Malawi,Cashing In (and Out): Experimental Evidence on the Effects of Mobile Money in Malawi,https://www.povertyactionlab.org/sites/default/files/research-paper/Cash-in-and-Out-Exp-Evidence-on-the-Effects-of-Mobile-Money_Aggarwal-Brailovskaya-Robinson_January2020-V2.pdf,Mobile money accounts,Sales or revenue,0.131147541,,%,*,positive,480 entrepreneurs,N/A
Digital finance,"Tools, platforms or finance on their own",E-payments,"Dalton et al., 2022, Kenya",Dalton et al.,2022,Kenya,"Electronic Payment Technology and Business Finance: A Randomized, Controlled Trial with Mobile Money",https://papers.ssrn.com/sol3/papers.cfm?abstract_id=3481667,E-payments technology,Business practices,0.17,,SD,**,positive,870 small firms,N/A
Digital finance,"Tools, platforms or finance on their own",E-payments,"Dalton et al., 2022, Kenya",Dalton et al.,2022,Kenya,"Electronic Payment Technology and Business Finance: A Randomized, Controlled Trial with Mobile Money",https://papers.ssrn.com/sol3/papers.cfm?abstract_id=3481667,E-payments technology,Sales or revenue,0.04,,%,,none,870 small firms,N/A
Digital finance,"Tools, platforms or finance on their own",E-payments,"Dalton et al., 2022, Kenya",Dalton et al.,2022,Kenya,"Electronic Payment Technology and Business Finance: A Randomized, Controlled Trial with Mobile Money",https://papers.ssrn.com/sol3/papers.cfm?abstract_id=3481667,E-payments technology,Profits,-0.06,,%,,none,870 small firms,N/A
Digital finance,"Tools, platforms or finance on their own",E-payments,"Dalton et al., 2022, Kenya",Dalton et al.,2022,Kenya,"Electronic Payment Technology and Business Finance: A Randomized, Controlled Trial with Mobile Money",https://papers.ssrn.com/sol3/papers.cfm?abstract_id=3481667,E-payments technology,Other outcomes,0.5,,Obtained loan (%),**,positive,870 small firms,N/A
Digital finance,"Tools, platforms or finance on their own",Mobile money,"Heath & Riley, 2024, Tanzania",Heath and Riley,2024,Tanzania,Digital Financial Services and Women's Empowerment: Experimental Evidence from Tanzania,https://escholarship.org/uc/item/0z88s5d9,Mobile money loan repayments,Profits,0.015479251423921888,,%,,none,750 women microfinance clients,1.0
Digital finance,"Tools, platforms or finance on their own",Mobile money,"Heath & Riley, 2024, Tanzania",Heath and Riley,2024,Tanzania,Digital Financial Services and Women's Empowerment: Experimental Evidence from Tanzania,https://escholarship.org/uc/item/0z88s5d9,Mobile money loan repayments,Other outcomes,0.213,,Women's empowerment (SD),**,positive,750 women microfinance clients,1.0
Digital training and mentoring,Remote training without a human mentor,Chatbot-based training,"de Barros et al., 2024, Brazil","de Barros, Cabral, Lazzarini and Nardi",2024,Brazil,Lost in Automation: The Impact of Technology-Supported Training on the Performance of Small Entrepreneurs in Underserved Regions,https://papers.ssrn.com/sol3/papers.cfm?abstract_id=4803222,Static digital training content,Business practices,,,SD,,none,461 entrepreneurs,0.23
Digital training and mentoring,Remote training without a human mentor,Chatbot-based training,"de Barros et al., 2024, Brazil","de Barros, Cabral, Lazzarini and Nardi",2024,Brazil,Lost in Automation: The Impact of Technology-Supported Training on the Performance of Small Entrepreneurs in Underserved Regions,https://papers.ssrn.com/sol3/papers.cfm?abstract_id=4803222,Static digital training content,Sales or revenue,,,%,,none,461 entrepreneurs,0.23
Digital training and mentoring,Remote training without a human mentor,Chatbot-based training,"de Barros et al., 2024, Brazil","de Barros, Cabral, Lazzarini and Nardi",2024,Brazil,Lost in Automation: The Impact of Technology-Supported Training on the Performance of Small Entrepreneurs in Underserved Regions,https://papers.ssrn.com/sol3/papers.cfm?abstract_id=4803222,Static digital training content,Profits,,,%,,none,461 entrepreneurs,0.23
Digital training and mentoring,Remote training without a human mentor,Chatbot-based training,"de Barros et al., 2024, Brazil","de Barros, Cabral, Lazzarini and Nardi",2024,Brazil,Lost in Automation: The Impact of Technology-Supported Training on the Performance of Small Entrepreneurs in Underserved Regions,https://papers.ssrn.com/sol3/papers.cfm?abstract_id=4803222,Chatbot-enabled training content,Business practices,,negative,SD,***,negative,,
Digital training and mentoring,Remote training without a human mentor,Chatbot-based training,"de Barros et al., 2024, Brazil","de Barros, Cabral, Lazzarini and Nardi",2024,Brazil,Lost in Automation: The Impact of Technology-Supported Training on the Performance of Small Entrepreneurs in Underserved Regions,https://papers.ssrn.com/sol3/papers.cfm?abstract_id=4803222,Chatbot-enabled training content,Sales or revenue,,,%,,none,,
Digital training and mentoring,Remote training without a human mentor,Chatbot-based training,"de Barros et al., 2024, Brazil","de Barros, Cabral, Lazzarini and Nardi",2024,Brazil,Lost in Automation: The Impact of Technology-Supported Training on the Performance of Small Entrepreneurs in Underserved Regions,https://papers.ssrn.com/sol3/papers.cfm?abstract_id=4803222,Chatbot-enabled training content,Profits,,,%,,none,,
Digital training and mentoring,Remote training without a human mentor,Chatbot-based training,"de Barros et al., 2024, Brazil","de Barros, Cabral, Lazzarini and Nardi",2024,Brazil,Lost in Automation: The Impact of Technology-Supported Training on the Performance of Small Entrepreneurs in Underserved Regions,https://papers.ssrn.com/sol3/papers.cfm?abstract_id=4803222,Chatbot plus human support,Business practices,,,SD,,none,,
Digital training and mentoring,Remote training without a human mentor,Chatbot-based training,"de Barros et al., 2024, Brazil","de Barros, Cabral, Lazzarini and Nardi",2024,Brazil,Lost in Automation: The Impact of Technology-Supported Training on the Performance of Small Entrepreneurs in Underserved Regions,https://papers.ssrn.com/sol3/papers.cfm?abstract_id=4803222,Chatbot plus human support,Sales or revenue,,negative,%,***,negative,,
Digital training and mentoring,Remote training without a human mentor,Chatbot-based training,"de Barros et al., 2024, Brazil","de Barros, Cabral, Lazzarini and Nardi",2024,Brazil,Lost in Automation: The Impact of Technology-Supported Training on the Performance of Small Entrepreneurs in Underserved Regions,https://papers.ssrn.com/sol3/papers.cfm?abstract_id=4803222,Chatbot plus human support,Profits,,,%,,none,,
Digital training and mentoring,Remote training without a human mentor,App-based training with local promoters,"Rodriguez-Lesmes et al., 2025, Colombia",Rodríguez-Lesmes et al.,2025,Colombia,The Role of Local Promoters in Helping Microentrepreneurs Engage in Digital Business Training: The Case of Expertienda,https://ideas.repec.org/a/spr/eurasi/v15y2025i1d10.1007_s40821-025-00293-y.html,Expertienda training app with university-based local promoters,Business practices,,,SD,,none,994 microentrepreneurs,N/A
Digital training and mentoring,Remote training without a human mentor,App-based training with local promoters,"Rodriguez-Lesmes et al., 2025, Colombia",Rodríguez-Lesmes et al.,2025,Colombia,The Role of Local Promoters in Helping Microentrepreneurs Engage in Digital Business Training: The Case of Expertienda,https://ideas.repec.org/a/spr/eurasi/v15y2025i1d10.1007_s40821-025-00293-y.html,Expertienda training app with university-based local promoters,Other outcomes,,,Formalization and financial inclusion,,none,994 microentrepreneurs,N/A
Digital training and mentoring,"Training bundled with tools, platforms or finance",Analogue training on digital finance,"Desai, Sensarma and Thomas, 2025, India","Desai, Sensarma and Thomas",2025,India,The Role of Business Training in Improving Digital Financial Literacy: Evidence from a Field Experiment for Subsistence Women Entrepreneurs,https://ideas.repec.org/a/taf/jhudca/v26y2025i2p199-209.html,Business training for digital financial literacy: numeracy and digital payment proficiency,Knowledge and capabilities,,positive,SD,sig.,positive,"Subsistence women entrepreneurs, rural India",1.0
Digital training and mentoring,"Training bundled with tools, platforms or finance",Analogue training on digital finance,"Desai, Sensarma and Thomas, 2025, India","Desai, Sensarma and Thomas",2025,India,The Role of Business Training in Improving Digital Financial Literacy: Evidence from a Field Experiment for Subsistence Women Entrepreneurs,https://ideas.repec.org/a/taf/jhudca/v26y2025i2p199-209.html,Business training for digital financial literacy: financial knowledge and self-efficacy,Knowledge and capabilities,,,SD,,none,,
"Data, platforms and business tools","Tools, platforms or finance on their own",Digital market access,"Bergquist, McIntosh and Startz, 2024, Uganda","Bergquist, McIntosh and Startz",2024,Uganda,"Search Costs, Intermediation, and Trade: Experimental Evidence from Ugandan Agricultural Markets",https://nber.org/system/files/working_papers/w33221/w33221.pdf,SMS marketplace matching agricultural buyers and sellers (Kudu),Sales or revenue,,positive,%,,none,"1,358 traders in 110 subcounties",N/A
"Data, platforms and business tools","Tools, platforms or finance on their own",Digital market access,"Bergquist, McIntosh and Startz, 2024, Uganda","Bergquist, McIntosh and Startz",2024,Uganda,"Search Costs, Intermediation, and Trade: Experimental Evidence from Ugandan Agricultural Markets",https://nber.org/system/files/working_papers/w33221/w33221.pdf,SMS marketplace matching agricultural buyers and sellers (Kudu),Profits,,negative,%,,none,"1,358 traders in 110 subcounties",N/A
"Data, platforms and business tools","Tools, platforms or finance on their own",Digital market access,"Bergquist, McIntosh and Startz, 2024, Uganda","Bergquist, McIntosh and Startz",2024,Uganda,"Search Costs, Intermediation, and Trade: Experimental Evidence from Ugandan Agricultural Markets",https://nber.org/system/files/working_papers/w33221/w33221.pdf,SMS marketplace matching agricultural buyers and sellers (Kudu),Other outcomes,,negative,Buy-sell margin,sig.,negative,"1,358 traders in 110 subcounties",N/A
Digital finance,"Tools, platforms or finance on their own",Support for digital payment adoption,"Kankanhalli et al., 2026, Mexico",Kankanhalli et al.,2026,Mexico,Driving Merchant Adoption of Digital Payment Solutions through Customer Success Management,https://www.gsb.stanford.edu/faculty-research/working-papers/driving-merchant-adoption-digital-payment-solutions-through,Specialist support to install and integrate a digital payment terminal,Other outcomes,21.4,,Long-term adoption (pp),sig.,positive,479 cash-only merchants,N/A
