key,authors,year,country,title,url
De Oliveira,De Oliveira,2022,Brazil,Why Businesses Fail: Underadoption of Improved Practices by Brazilian Micro-Enterprises,https://static1.squarespace.com/static/635b20074f03f76ef970e119/t/6382ad685042fe5ee9c0f1cc/1669508466744/PriscilaDeOliveira_JMP_WhyBusinessesFail.pdf
Cole et al.,Cole et al.,2023,Philippines and India,Heuristics on Call: The Impact of Mobile Phone Based Business Management Advice,https://papers.ssrn.com/sol3/papers.cfm?abstract_id=3971013
Mehmood,Mehmood,2024,Kenya,Short Messages Fall Short for Micro-Entrepreneurs: Experimental Evidence from Kenya,https://www.ziamehmood.com/assets/publications/Mehmood_JMP.pdf
Davies et al.,Davies et al.,2023,Mexico,Training Microentrepreneurs over Zoom: Experimental Evidence from Mexico,https://documents1.worldbank.org/curated/en/099553009262338447/pdf/IDU0c11dae2102d74046a008e9a0b46f0e4bd0e5.pdf
Estefan et al.,Estefan et al.,2023,Guatemala,Digital Training for Micro-Entrepreneurs: Experimental Evidence from Guatemala,https://idbinvest.org/en/publications/digital-training-micro-entrepreneurs-experimental-evidence-guatemala
"Anderson et al., 2023, Uganda",Anderson et al.,2023,Uganda,Breaking the Glass Ceiling: Empowering Female Entrepreneurs through Female Mentors,https://papers.ssrn.com/sol3/papers.cfm?abstract_id=4396899
"Anderson et al., 2022, Uganda","Anderson, Chintagunta and Vilcassim",2022,Uganda,Virtual Collaboration Technology and International Business Coaching: Examining the Impact on Marketing Strategies and Sales,https://pedl.cepr.org/sites/default/files/JA%206668%20AndersonChintaguntaVilcassim%20VirtualCollaborationTechnologyCoachingImpactMarketing.pdf
"Anderson et al., 2021, Uganda",Anderson et al.,2021,Uganda,Do Marketers Matter for Entrepreneurs? Evidence from a Field Experiment in Uganda,https://journals.sagepub.com/doi/abs/10.1177/0022242921993176
Cusolito et al.,Cusolito et al.,2022,Six Western Balkan countries,Capacity Building as a Route to Export Market Expansion: A Six-Country Experiment in the Western Balkans,https://documents1.worldbank.org/curated/en/099415512072241245/pdf/IDU0c2e6b3a90ae8704ffc0a48700caa1b8961cc.pdf
McKenzie et al.,McKenzie et al.,2020,Nigeria,"Improving Business Practices and the Boundary of the Entrepreneur: A Randomized Experiment Comparing Training, Consulting, Insourcing and Outsourcing",https://documents1.worldbank.org/curated/en/377351608212969114/pdf/Improving-Business-Practices-and-the-Boundary-of-the-Entrepreneur-A-Randomized-Experiment-Comparing-Training-Consulting-Insourcing-and-Outsourcing.pdf
Otis et al.,Otis et al.,2024,Kenya,The Uneven Impact of Generative AI on Entrepreneurial Performance,https://doi.org/10.1287/mnsc.2024.06909
Jin & Sun,Jin and Sun,2021,China,Lifting Growth Barriers for New Firms: Evidence from an Entrepreneurship Training Experiment with Two Million Online Businesses,https://scholar.harvard.edu/files/zsun/files/sun_jmp.pdf
Asiedu,Asiedu et al.,2023,Ghana,Female Entrepreneurship and Professional Networks,https://pedl.cepr.org/sites/default/files/WP%207926%20AsieduLambonQuayefioTruffaWong%20FemaleEntrepreneushipProfessionalNetworks.pdf
Batista et al.,"Batista, Sequeira and Vicente",2021,Mozambique,Closing the Gender Profit Gap?,https://docs.iza.org/dp14781.pdf
"Dalton et al., 2020, Indonesia",Dalton et al.,2020,Indonesia,Curating Local Knowledge: Experimental Evidence from Small Retailers in Indonesia,https://www.researchgate.net/publication/349294651_Curating_Local_Knowledge_Experimental_Evidence_from_Small_Retailers_in_Indonesia
Bastian et al.,Bastian et al.,2018,Tanzania,"Short-Term Impacts of Improved Access to Mobile Savings, with and without Business Training: Experimental Evidence from Tanzania",https://www.cgdev.org/sites/default/files/short-term-impacts-improved-access-mobile-savings-business-training.pdf
Alhorr,Alhorr,2024,Jordan,Virtual Windows Through Glass Walls? Digitalization for Low-Mobility Female Entrepreneurs,
Mukherjee,Mukherjee,2023,India,,
Bar-Gil et al.,"Bar-Gill, Brynjolfsson and Hak",2023,United States,Helping Small Businesses Become More Data-Driven: A Field Experiment on eBay,https://www.nber.org/papers/w31089
"Anderson et al., 2023, Rwanda",Anderson et al.,2023,Rwanda,"Is (Smart) Technology Really Making Us Dumber? Marketing Analytics Improves the Mental, Managerial and Financial Performance of Entrepreneurs",https://papers.ssrn.com/sol3/papers.cfm?abstract_id=4649674
Iacovone & McKenzie,Iacovone and McKenzie,2019,Colombia,Shortening Supply Chains: Experimental Evidence from Fruit and Vegetable Vendors in Bogota,https://documents1.worldbank.org/curated/en/728681565630010702/pdf/Shortening-Supply-Chains-Experimental-Evidence-from-Fruit-and-Vegetable-Vendors-in-Bogota.pdf
Riley,Riley,2024,Uganda,Resisting Social Pressure in the Household Using Mobile Money: Experimental Evidence on Microenterprise Investment in Uganda,
Aggarwal et al.,"Aggarwal, Brailovskaya and Robinson",2023,Malawi,Cashing In (and Out): Experimental Evidence on the Effects of Mobile Money in Malawi,https://www.povertyactionlab.org/sites/default/files/research-paper/Cash-in-and-Out-Exp-Evidence-on-the-Effects-of-Mobile-Money_Aggarwal-Brailovskaya-Robinson_January2020-V2.pdf
"Dalton et al., 2022, Kenya",Dalton et al.,2022,Kenya,"Electronic Payment Technology and Business Finance: A Randomized, Controlled Trial with Mobile Money",https://papers.ssrn.com/sol3/papers.cfm?abstract_id=3481667
Heath & Riley,Heath and Riley,2024,Tanzania,Digital Financial Services and Women's Empowerment: Experimental Evidence from Tanzania,https://escholarship.org/uc/item/0z88s5d9
de Barros et al.,"de Barros, Cabral, Lazzarini and Nardi",2024,Brazil,Lost in Automation: The Impact of Technology-Supported Training on the Performance of Small Entrepreneurs in Underserved Regions,https://papers.ssrn.com/sol3/papers.cfm?abstract_id=4803222
Rodriguez-Lesmes et al.,Rodríguez-Lesmes et al.,2025,Colombia,The Role of Local Promoters in Helping Microentrepreneurs Engage in Digital Business Training: The Case of Expertienda,https://ideas.repec.org/a/spr/eurasi/v15y2025i1d10.1007_s40821-025-00293-y.html
Desai,"Desai, Sensarma and Thomas",2025,India,The Role of Business Training in Improving Digital Financial Literacy: Evidence from a Field Experiment for Subsistence Women Entrepreneurs,https://ideas.repec.org/a/taf/jhudca/v26y2025i2p199-209.html
Bergquist,"Bergquist, McIntosh and Startz",2024,Uganda,"Search Costs, Intermediation, and Trade: Experimental Evidence from Ugandan Agricultural Markets",https://nber.org/system/files/working_papers/w33221/w33221.pdf
Kankanhalli et al.,Kankanhalli et al.,2026,Mexico,Driving Merchant Adoption of Digital Payment Solutions through Customer Success Management,https://www.gsb.stanford.edu/faculty-research/working-papers/driving-merchant-adoption-digital-payment-solutions-through
